epoch,phase,train_loss,train_f1_macro,val_loss,val_f1_macro
1,warmup,0.8516657399302042,0.6206469463622141,0.7044092482843843,0.7192366071084607
2,warmup,0.6860718992620835,0.7255762231507864,0.6119076026120366,0.771330803031042
3,finetune,0.4941766656626401,0.809747571021555,0.36041298701929675,0.8625872085536312
4,finetune,0.33456349628433946,0.8724420771281908,0.32162945425992795,0.885365307037203
5,finetune,0.2790941118842622,0.8949023328031291,0.3763926542320696,0.8662367151348042
6,finetune,0.22624247517967405,0.9161821977710366,0.31018540177271264,0.8853931823497184
7,finetune,0.19194390168107367,0.9266626767017657,0.28827727123157443,0.8820090257917762
8,finetune,0.174341197022232,0.9332188781362932,0.3078370687867744,0.888084355020149
