{
  "model_version": "rx-efficientnetb0-20260515-2b92eec9",
  "backbone": "efficientnet_b0",
  "accuracy": 0.96,
  "f1_macro": 0.960078515151551,
  "recall_covid": 0.98,
  "recall_neumonia": 0.9333333333333333,
  "per_class": {
    "Sana": {
      "precision": 0.9294871794871795,
      "recall": 0.9666666666666667,
      "f1": 0.9477124183006536,
      "support": 150
    },
    "Neumonía": {
      "precision": 0.958904109589041,
      "recall": 0.9333333333333333,
      "f1": 0.9459459459459459,
      "support": 150
    },
    "COVID-19": {
      "precision": 0.9932432432432432,
      "recall": 0.98,
      "f1": 0.9865771812080537,
      "support": 150
    }
  },
  "confusion_matrix": [
    [
      145,
      4,
      1
    ],
    [
      10,
      140,
      0
    ],
    [
      1,
      2,
      147
    ]
  ],
  "classes": [
    "Sana",
    "Neumonía",
    "COVID-19"
  ],
  "test_rows": 450
}