{
  "accuracy": 0.9266666666666666,
  "f1_macro": 0.8665294362776386,
  "f1_weighted": 0.925009890769707,
  "per_class": {
    "gripe_resfriado": {
      "precision": 0.9267515923566879,
      "recall": 0.9509803921568627,
      "f1": 0.9387096774193548,
      "support": 306
    },
    "neumonia_sospecha": {
      "precision": 0.75,
      "recall": 0.4,
      "f1": 0.5217391304347826,
      "support": 30
    },
    "covid_sospecha": {
      "precision": 0.9477611940298507,
      "recall": 0.9071428571428571,
      "f1": 0.927007299270073,
      "support": 140
    },
    "asma_epoc_exacerbacion": {
      "precision": 0.9090909090909091,
      "recall": 0.7692307692307693,
      "f1": 0.8333333333333334,
      "support": 13
    },
    "cardiopatia_aguda_sospecha": {
      "precision": 0.946236559139785,
      "recall": 0.9777777777777777,
      "f1": 0.9617486338797814,
      "support": 90
    },
    "gastroenteritis": {
      "precision": 0.9315789473684211,
      "recall": 0.9315789473684211,
      "f1": 0.9315789473684211,
      "support": 190
    },
    "apendicitis_sospecha": {
      "precision": 0.6470588235294118,
      "recall": 0.8461538461538461,
      "f1": 0.7333333333333333,
      "support": 26
    },
    "traumatismo": {
      "precision": 0.9521531100478469,
      "recall": 0.9900497512437811,
      "f1": 0.9707317073170731,
      "support": 201
    },
    "cefalea_migrana": {
      "precision": 0.9,
      "recall": 0.8571428571428571,
      "f1": 0.8780487804878049,
      "support": 42
    },
    "ictus_sospecha": {
      "precision": 0.9130434782608695,
      "recall": 0.8936170212765957,
      "f1": 0.9032258064516129,
      "support": 47
    },
    "inespecifico": {
      "precision": 0.9346246973365617,
      "recall": 0.9301204819277108,
      "f1": 0.9323671497584541,
      "support": 415
    }
  },
  "confusion_matrix": {
    "labels": [
      "gripe_resfriado",
      "neumonia_sospecha",
      "covid_sospecha",
      "asma_epoc_exacerbacion",
      "cardiopatia_aguda_sospecha",
      "gastroenteritis",
      "apendicitis_sospecha",
      "traumatismo",
      "cefalea_migrana",
      "ictus_sospecha",
      "inespecifico"
    ],
    "values": [
      [
        291,
        2,
        5,
        0,
        0,
        0,
        0,
        0,
        0,
        0,
        8
      ],
      [
        13,
        12,
        2,
        1,
        0,
        0,
        0,
        0,
        0,
        0,
        2
      ],
      [
        9,
        0,
        127,
        0,
        0,
        0,
        1,
        0,
        0,
        0,
        3
      ],
      [
        0,
        0,
        0,
        10,
        0,
        0,
        0,
        0,
        0,
        0,
        3
      ],
      [
        0,
        0,
        0,
        0,
        88,
        0,
        0,
        0,
        0,
        0,
        2
      ],
      [
        0,
        0,
        0,
        0,
        0,
        177,
        11,
        0,
        0,
        0,
        2
      ],
      [
        0,
        0,
        0,
        0,
        0,
        3,
        22,
        0,
        0,
        0,
        1
      ],
      [
        0,
        0,
        0,
        0,
        0,
        0,
        0,
        199,
        0,
        0,
        2
      ],
      [
        0,
        0,
        0,
        0,
        0,
        0,
        0,
        0,
        36,
        4,
        2
      ],
      [
        0,
        0,
        0,
        0,
        0,
        0,
        0,
        0,
        3,
        42,
        2
      ],
      [
        1,
        2,
        0,
        0,
        5,
        10,
        0,
        10,
        1,
        0,
        386
      ]
    ]
  },
  "feature_importance_permutation": {
    "motivo_principal": 0.6546666666666667,
    "contacto_covid_reciente": 0.14079999999999998,
    "fiebre_subjetiva": 0.07879999999999995,
    "tos": 0.07813333333333325,
    "edad": 0.044533333333333314,
    "intensidad_dolor": 0.037599999999999946,
    "has_asma_epoc": 0.011199999999999988,
    "duracion_sintomas": 0.005066666666666664,
    "has_cardiopatia": 0.0031999999999999585,
    "fumador": 0.0019999999999999797,
    "dificultad_respiratoria_subjetiva": 0.00039999999999995595,
    "has_inmunosupresion": 0.0,
    "sexo": -0.00013333333333336305,
    "has_hipertension": -0.0002666666666666817,
    "peso_kg": -0.0008000000000000451,
    "altura_cm": -0.0008000000000000451,
    "hora_envio": -0.000933333333333386,
    "has_diabetes": -0.000933333333333386,
    "embarazo": -0.0012000000000000454
  },
  "test_rows": 1500
}