{
  "accuracy": 0.918,
  "f1_macro": 0.8977832573201331,
  "per_class": {
    "Alta": {
      "precision": 0.9214876033057852,
      "recall": 0.802158273381295,
      "f1": 0.8576923076923076,
      "support": 278
    },
    "Media": {
      "precision": 0.9155778894472362,
      "recall": 0.9670912951167728,
      "f1": 0.940629839958699,
      "support": 942
    },
    "Baja": {
      "precision": 0.9239543726235742,
      "recall": 0.8678571428571429,
      "f1": 0.8950276243093923,
      "support": 280
    }
  },
  "confusion_matrix": {
    "labels": [
      "Alta",
      "Media",
      "Baja"
    ],
    "values": [
      [
        223,
        48,
        7
      ],
      [
        18,
        911,
        13
      ],
      [
        1,
        36,
        243
      ]
    ]
  },
  "feature_importance_permutation": {
    "dificultad_respiratoria_subjetiva": 0.17493333333333339,
    "edad": 0.16186666666666671,
    "fiebre_subjetiva": 0.13713333333333338,
    "motivo_principal": 0.09420000000000003,
    "intensidad_dolor": 0.09033333333333339,
    "has_hipertension": 0.030933333333333358,
    "contacto_covid_reciente": 0.026133333333333363,
    "tos": 0.025000000000000012,
    "has_diabetes": 0.022666666666666713,
    "has_asma_epoc": 0.01726666666666672,
    "has_cardiopatia": 0.016133333333333378,
    "has_inmunosupresion": 0.008666666666666711,
    "hora_envio": 0.0016666666666667162,
    "sexo": 0.0002666666666666817,
    "fumador": 0.0002000000000000446,
    "altura_cm": 0.00013333333333337416,
    "embarazo": -6.666666666665932e-05,
    "peso_kg": -0.0004666666666666264,
    "duracion_sintomas": -0.0007999999999999785
  },
  "test_rows": 1500
}