{
  "version": "rx-20260515-0d04651b",
  "created_at": "2026-05-15T12:21:18.299612Z",
  "config": {
    "img_size": 224,
    "batch_size": 16,
    "warmup_epochs": 2,
    "max_epochs": 6,
    "lr_warmup": 0.001,
    "lr_finetune": 0.0001,
    "weight_decay": 0.0001,
    "seed": 42,
    "backbone": "efficientnet_b0"
  },
  "dataset_hash": "2b81d26366c21515edea0c4142a34b0dde01852b906f35298c5209765c95cf2e",
  "class_names": [
    "Sana",
    "Neumonía",
    "COVID-19"
  ],
  "best_val_f1_macro": 0.7333559385450039
}