{
  "accuracy": 0.7733333333333333,
  "f1_macro": 0.7619882168692668,
  "recall_covid": 0.72,
  "per_class": {
    "Sana": {
      "precision": 0.7222222222222222,
      "recall": 0.8666666666666667,
      "f1": 0.7878787878787878
    },
    "Neumonía": {
      "precision": 0.8968253968253969,
      "recall": 0.7533333333333333,
      "f1": 0.8188405797101449
    },
    "COVID-19": {
      "precision": 0.6428571428571429,
      "recall": 0.72,
      "f1": 0.6792452830188679
    }
  },
  "confusion_matrix": [
    [
      65,
      4,
      6
    ],
    [
      13,
      113,
      24
    ],
    [
      12,
      9,
      54
    ]
  ]
}