{
  "accuracy": 0.5555555555555556,
  "f1_macro": 0.4779372674109516,
  "recall_covid": 0.4,
  "per_class": {
    "Sana": {
      "precision": 0.5,
      "recall": 0.25,
      "f1": 0.3333333333333333
    },
    "Neumonía": {
      "precision": 0.7,
      "recall": 0.7777777777777778,
      "f1": 0.7368421052631579
    },
    "COVID-19": {
      "precision": 0.3333333333333333,
      "recall": 0.4,
      "f1": 0.36363636363636365
    }
  },
  "confusion_matrix": [
    [
      1,
      1,
      2
    ],
    [
      0,
      7,
      2
    ],
    [
      1,
      2,
      2
    ]
  ]
}