epoch,phase,train_loss,train_f1_macro,val_loss,val_f1_macro
1,finetune,1.0201388398143665,0.5065433254680217,0.9809058710371047,0.52769143179879
2,finetune,0.9545566889148147,0.5630172591332587,0.9456144326806333,0.6041545726439146
3,finetune,0.9216773729201667,0.5879904683304321,0.9343935700583617,0.5650937337501417
4,finetune,0.8928586547291807,0.6063820197073136,0.8491741944839579,0.6363491980178485
5,finetune,0.8861070630265282,0.5988476555511962,0.8314506353401556,0.6612126953533388
6,finetune,0.8603396981088476,0.6349999850482185,0.8491554765109213,0.6059252169900646
7,finetune,0.8383261231424242,0.6411382527683797,1.0375607074496487,0.5526814892623716
8,finetune,0.8453135812435905,0.6313057292650665,0.8095986902581614,0.6760958108793927
